"Company","cik","deal_url"
"AFS SenSub Corp.","0001347185","https://www.sec.gov/cgi-bin/browse-edgar?CIK=0001347185&action=getcompany"
"Ally Auto Assets LLC","0001477336","https://www.sec.gov/cgi-bin/browse-edgar?CIK=0001477336&action=getcompany"
"Ally Auto Receivables Trust 2017-1","0001679731","https://www.sec.gov/cgi-bin/browse-edgar?CIK=0001679731&action=getcompany"
"Ally Auto Receivables Trust 2017-2","0001700667","https://www.sec.gov/cgi-bin/browse-edgar?CIK=0001700667&action=getcompany"
"Ally Auto Receivables Trust 2017-3","0001705002","https://www.sec.gov/cgi-bin/browse-edgar?CIK=0001705002&action=getcompany"
"Ally Auto Receivables Trust 2017-4","0001713736","https://www.sec.gov/cgi-bin/browse-edgar?CIK=0001713736&action=getcompany"
"Ally Auto Receivables Trust 2017-5","0001721353","https://www.sec.gov/cgi-bin/browse-edgar?CIK=0001721353&action=getcompany"
"Ally Auto Receivables Trust 2018-1","0001727820","https://www.sec.gov/cgi-bin/browse-edgar?CIK=0001727820&action=getcompany"
"Ally Auto Receivables Trust 2018-2","0001736511","https://www.sec.gov/cgi-bin/browse-edgar?CIK=0001736511&action=getcompany"
"Ally Auto Receivables Trust 2018-3","0001742379","https://www.sec.gov/cgi-bin/browse-edgar?CIK=0001742379&action=getcompany"
"AMERICAN HONDA RECEIVABLES LLC","000890975","https://www.sec.gov/cgi-bin/browse-edgar?CIK=000890975&action=getcompany"
"AmeriCredit Automobile Receivables Trust 2017-1","0001694010","https://www.sec.gov/cgi-bin/browse-edgar?CIK=0001694010&action=getcompany"
"AmeriCredit Automobile Receivables Trust 2017-2","0001703220","https://www.sec.gov/cgi-bin/browse-edgar?CIK=0001703220&action=getcompany"
"AmeriCredit Automobile Receivables Trust 2017-3","0001710600","https://www.sec.gov/cgi-bin/browse-edgar?CIK=0001710600&action=getcompany"
"AmeriCredit Automobile Receivables Trust 2017-4","0001718362","https://www.sec.gov/cgi-bin/browse-edgar?CIK=0001718362&action=getcompany"
"AmeriCredit Automobile Receivables Trust 2018-1","0001729361","https://www.sec.gov/cgi-bin/browse-edgar?CIK=0001729361&action=getcompany"
"AmeriCredit Automobile Receivables Trust 2018-2","0001745314","https://www.sec.gov/cgi-bin/browse-edgar?CIK=0001745314&action=getcompany"
"AmeriCredit Automobile Receivables Trust 2018-3","0001754388","https://www.sec.gov/cgi-bin/browse-edgar?CIK=0001754388&action=getcompany"
"Banc of America Merrill Lynch Commercial Mortgage Inc.","0001005007","https://www.sec.gov/cgi-bin/browse-edgar?CIK=0001005007&action=getcompany"
"BANK 2017-BNK4","0001698685","https://www.sec.gov/cgi-bin/browse-edgar?CIK=0001698685&action=getcompany"
"BANK 2017-BNK5","0001706303","https://www.sec.gov/cgi-bin/browse-edgar?CIK=0001706303&action=getcompany"
"BANK 2017-BNK6","0001710261","https://www.sec.gov/cgi-bin/browse-edgar?CIK=0001710261&action=getcompany"
"BANK 2017-BNK7","0001714679","https://www.sec.gov/cgi-bin/browse-edgar?CIK=0001714679&action=getcompany"
"BANK 2017-BNK8","0001718322","https://www.sec.gov/cgi-bin/browse-edgar?CIK=0001718322&action=getcompany"
"BANK 2017-BNK9","0001721373","https://www.sec.gov/cgi-bin/browse-edgar?CIK=0001721373&action=getcompany"
"BANK 2018-BNK10","0001728085","https://www.sec.gov/cgi-bin/browse-edgar?CIK=0001728085&action=getcompany"
"BANK 2018-BNK11","0001731627","https://www.sec.gov/cgi-bin/browse-edgar?CIK=0001731627&action=getcompany"
"BANK 2018-BNK12","0001739423","https://www.sec.gov/cgi-bin/browse-edgar?CIK=0001739423&action=getcompany"
"BANK 2018-BNK13","0001744707","https://www.sec.gov/cgi-bin/browse-edgar?CIK=0001744707&action=getcompany"
"BANK 2018-BNK14","0001749973","https://www.sec.gov/cgi-bin/browse-edgar?CIK=0001749973&action=getcompany"
"BANK 2018-BNK15","0001756271","https://www.sec.gov/cgi-bin/browse-edgar?CIK=0001756271&action=getcompany"
"Bank of America Merrill Lynch Commercial Mortgage Trust 2017-BNK3","0001694649","https://www.sec.gov/cgi-bin/browse-edgar?CIK=0001694649&action=getcompany"
"Barclays Commercial Mortgage Securities LLC","0001541480","https://www.sec.gov/cgi-bin/browse-edgar?CIK=0001541480&action=getcompany"
"BBCMS Mortgage Trust 2017-C1","0001696707","https://www.sec.gov/cgi-bin/browse-edgar?CIK=0001696707&action=getcompany"
"BBCMS Mortgage Trust 2018-C2","0001754913","https://www.sec.gov/cgi-bin/browse-edgar?CIK=0001754913&action=getcompany"
"Benchmark 2018-B1 Mortgage Trust","0001722194","https://www.sec.gov/cgi-bin/browse-edgar?CIK=0001722194&action=getcompany"
"BENCHMARK 2018-B2 Mortgage Trust","0001728339","https://www.sec.gov/cgi-bin/browse-edgar?CIK=0001728339&action=getcompany"
"BENCHMARK 2018-B3 COMMERCIAL MORTGAGE TRUST","0001734103","https://www.sec.gov/cgi-bin/browse-edgar?CIK=0001734103&action=getcompany"
"Benchmark 2018-B4 Mortgage Trust","0001740849","https://www.sec.gov/cgi-bin/browse-edgar?CIK=0001740849&action=getcompany"
"Benchmark 2018-B5 Mortgage Trust","0001745529","https://www.sec.gov/cgi-bin/browse-edgar?CIK=0001745529&action=getcompany"
"BENCHMARK 2018-B6 MORTGAGE TRUST","0001751874","https://www.sec.gov/cgi-bin/browse-edgar?CIK=0001751874&action=getcompany"
"Benchmark 2018-B7 Mortgage Trust","0001757018","https://www.sec.gov/cgi-bin/browse-edgar?CIK=0001757018&action=getcompany"
"Benchmark 2018-B8 Mortgage Trust","0001758901","https://www.sec.gov/cgi-bin/browse-edgar?CIK=0001758901&action=getcompany"
"BMW AUTO LEASING LLC","0001126530","https://www.sec.gov/cgi-bin/browse-edgar?CIK=0001126530&action=getcompany"
"BMW FS SECURITIES LLC","0001136586","https://www.sec.gov/cgi-bin/browse-edgar?CIK=0001136586&action=getcompany"
"BMW Vehicle Lease Trust 2017-1","0001694920","https://www.sec.gov/cgi-bin/browse-edgar?CIK=0001694920&action=getcompany"
"BMW Vehicle Lease Trust 2017-2","0001716665","https://www.sec.gov/cgi-bin/browse-edgar?CIK=0001716665&action=getcompany"
"BMW Vehicle Lease Trust 2018-1","0001753585","https://www.sec.gov/cgi-bin/browse-edgar?CIK=0001753585&action=getcompany"
"BMW Vehicle Owner Trust 2018-A","0001725617","https://www.sec.gov/cgi-bin/browse-edgar?CIK=0001725617&action=getcompany"
"California Republic Auto Receivables Trust 2017-1","0001694276","https://www.sec.gov/cgi-bin/browse-edgar?CIK=0001694276&action=getcompany"
"California Republic Auto Receivables Trust 2018-1","0001741276","https://www.sec.gov/cgi-bin/browse-edgar?CIK=0001741276&action=getcompany"
"CARMAX AUTO FUNDING LLC","0001259380","https://www.sec.gov/cgi-bin/browse-edgar?CIK=0001259380&action=getcompany"
"CarMax Auto Owner Trust 2017-1","0001693819","https://www.sec.gov/cgi-bin/browse-edgar?CIK=0001693819&action=getcompany"
"CarMax Auto Owner Trust 2017-2","0001702777","https://www.sec.gov/cgi-bin/browse-edgar?CIK=0001702777&action=getcompany"
"CarMax Auto Owner Trust 2017-3","0001710329","https://www.sec.gov/cgi-bin/browse-edgar?CIK=0001710329&action=getcompany"
"CarMax Auto Owner Trust 2017-4","0001718592","https://www.sec.gov/cgi-bin/browse-edgar?CIK=0001718592&action=getcompany"
"CarMax Auto Owner Trust 2018-1","0001725618","https://www.sec.gov/cgi-bin/browse-edgar?CIK=0001725618&action=getcompany"
"CarMax Auto Owner Trust 2018-2","0001734850","https://www.sec.gov/cgi-bin/browse-edgar?CIK=0001734850&action=getcompany"
"CarMax Auto Owner Trust 2018-3","0001742867","https://www.sec.gov/cgi-bin/browse-edgar?CIK=0001742867&action=getcompany"
"CarMax Auto Owner Trust 2018-4","0001754008","https://www.sec.gov/cgi-bin/browse-edgar?CIK=0001754008&action=getcompany"
"CCRE Commercial Mortgage Securities, L.P.","0001515166","https://www.sec.gov/cgi-bin/browse-edgar?CIK=0001515166&action=getcompany"
"CCUBS Commercial Mortgage Trust 2017-C1","0001720748","https://www.sec.gov/cgi-bin/browse-edgar?CIK=0001720748&action=getcompany"
"CD 2017-CD3 Mortgage Trust","0001693368","https://www.sec.gov/cgi-bin/browse-edgar?CIK=0001693368&action=getcompany"
"CD 2017-CD4 Mortgage Trust","0001702745","https://www.sec.gov/cgi-bin/browse-edgar?CIK=0001702745&action=getcompany"
"CD 2017-CD5 MORTGAGE TRUST","0001710360","https://www.sec.gov/cgi-bin/browse-edgar?CIK=0001710360&action=getcompany"
"CD 2017-CD6 Mortgage Trust","0001719959","https://www.sec.gov/cgi-bin/browse-edgar?CIK=0001719959&action=getcompany"
"CD 2018-CD7 Mortgage Trust","0001746406","https://www.sec.gov/cgi-bin/browse-edgar?CIK=0001746406&action=getcompany"
"CFCRE 2016-C7 Mortgage Trust","0001690110","https://www.sec.gov/cgi-bin/browse-edgar?CIK=0001690110&action=getcompany"
"CFCRE 2017-C8 Mortgage Trust","0001703075","https://www.sec.gov/cgi-bin/browse-edgar?CIK=0001703075&action=getcompany"
"CITIGROUP COMMERCIAL MORTGAGE SECURITIES INC","0001258361","https://www.sec.gov/cgi-bin/browse-edgar?CIK=0001258361&action=getcompany"
"CITIGROUP COMMERCIAL MORTGAGE TRUST 2016-P6","0001690255","https://www.sec.gov/cgi-bin/browse-edgar?CIK=0001690255&action=getcompany"
"CITIGROUP COMMERCIAL MORTGAGE TRUST 2017-B1","0001713393","https://www.sec.gov/cgi-bin/browse-edgar?CIK=0001713393&action=getcompany"
"CITIGROUP COMMERCIAL MORTGAGE TRUST 2017-C4","0001718304","https://www.sec.gov/cgi-bin/browse-edgar?CIK=0001718304&action=getcompany"
"CITIGROUP COMMERCIAL MORTGAGE TRUST 2017-P7","0001700668","https://www.sec.gov/cgi-bin/browse-edgar?CIK=0001700668&action=getcompany"
"CITIGROUP COMMERCIAL MORTGAGE TRUST 2017-P8","0001715824","https://www.sec.gov/cgi-bin/browse-edgar?CIK=0001715824&action=getcompany"
"CITIGROUP COMMERCIAL MORTGAGE TRUST 2018-B2","0001731044","https://www.sec.gov/cgi-bin/browse-edgar?CIK=0001731044&action=getcompany"
"CITIGROUP COMMERCIAL MORTGAGE TRUST 2018-C5","0001740450","https://www.sec.gov/cgi-bin/browse-edgar?CIK=0001740450&action=getcompany"
"CITIGROUP COMMERCIAL MORTGAGE TRUST 2018-C6","0001757925","https://www.sec.gov/cgi-bin/browse-edgar?CIK=0001757925&action=getcompany"
"COMM 2017-COR2 Mortgage Trust","0001714154","https://www.sec.gov/cgi-bin/browse-edgar?CIK=0001714154&action=getcompany"
"COMM 2018-COR3 Mortgage Trust","0001735733","https://www.sec.gov/cgi-bin/browse-edgar?CIK=0001735733&action=getcompany"
"Credit Suisse Commercial Mortgage Securities Corp.","0001654060","https://www.sec.gov/cgi-bin/browse-edgar?CIK=0001654060&action=getcompany"
"CSAIL 2017-C8 Commercial Mortgage Trust","0001708131","https://www.sec.gov/cgi-bin/browse-edgar?CIK=0001708131&action=getcompany"
"CSAIL 2017-CX10 Commercial Mortgage Trust","0001720474","https://www.sec.gov/cgi-bin/browse-edgar?CIK=0001720474&action=getcompany"
"CSAIL 2017-CX9 Commercial Mortgage Trust","0001716602","https://www.sec.gov/cgi-bin/browse-edgar?CIK=0001716602&action=getcompany"
"CSAIL 2018-C14 Commercial Mortgage Trust","0001752594","https://www.sec.gov/cgi-bin/browse-edgar?CIK=0001752594&action=getcompany"
"CSAIL 2018-CX11 Commercial Mortgage Trust","0001732963","https://www.sec.gov/cgi-bin/browse-edgar?CIK=0001732963&action=getcompany"
"CSAIL 2018-CX12 Commercial Mortgage Trust","0001745511","https://www.sec.gov/cgi-bin/browse-edgar?CIK=0001745511&action=getcompany"
"CSMC 2016-NXSR Commercial Mortgage Trust","0001691198","https://www.sec.gov/cgi-bin/browse-edgar?CIK=0001691198&action=getcompany"
"Daimler Retail Receivables LLC","0001463814","https://www.sec.gov/cgi-bin/browse-edgar?CIK=0001463814&action=getcompany"
"DAIMLER TRUST LEASING LLC","0001537805","https://www.sec.gov/cgi-bin/browse-edgar?CIK=0001537805&action=getcompany"
"DBGS 2018-C1 Mortgage Trust","0001752363","https://www.sec.gov/cgi-bin/browse-edgar?CIK=0001752363&action=getcompany"
"DBJPM 2017-C6 Mortgage Trust","0001706403","https://www.sec.gov/cgi-bin/browse-edgar?CIK=0001706403&action=getcompany"
"DEUTSCHE MORTGAGE & ASSET RECEIVING CORP","0001013454","https://www.sec.gov/cgi-bin/browse-edgar?CIK=0001013454&action=getcompany"
"Drive Auto Receivables Trust 2017-1","0001708978","https://www.sec.gov/cgi-bin/browse-edgar?CIK=0001708978&action=getcompany"
"Drive Auto Receivables Trust 2017-2","0001711993","https://www.sec.gov/cgi-bin/browse-edgar?CIK=0001711993&action=getcompany"
"Drive Auto Receivables Trust 2017-3","0001717900","https://www.sec.gov/cgi-bin/browse-edgar?CIK=0001717900&action=getcompany"
"Drive Auto Receivables Trust 2018-1","0001728847","https://www.sec.gov/cgi-bin/browse-edgar?CIK=0001728847&action=getcompany"
"Drive Auto Receivables Trust 2018-2","0001738390","https://www.sec.gov/cgi-bin/browse-edgar?CIK=0001738390&action=getcompany"
"Drive Auto Receivables Trust 2018-3","0001745187","https://www.sec.gov/cgi-bin/browse-edgar?CIK=0001745187&action=getcompany"
"Drive Auto Receivables Trust 2018-4","0001750588","https://www.sec.gov/cgi-bin/browse-edgar?CIK=0001750588&action=getcompany"
"Drive Auto Receivables Trust 2018-5","0001757404","https://www.sec.gov/cgi-bin/browse-edgar?CIK=0001757404&action=getcompany"
"Fifth Third Auto Trust 2017-1","0001715585","https://www.sec.gov/cgi-bin/browse-edgar?CIK=0001715585&action=getcompany"
"Fifth Third Holdings Funding, LLC","0001405332","https://www.sec.gov/cgi-bin/browse-edgar?CIK=0001405332&action=getcompany"
"Ford Credit Auto Lease Trust 2017-A","0001698937","https://www.sec.gov/cgi-bin/browse-edgar?CIK=0001698937&action=getcompany"
"Ford Credit Auto Lease Trust 2017-B","0001718647","https://www.sec.gov/cgi-bin/browse-edgar?CIK=0001718647&action=getcompany"
"Ford Credit Auto Lease Trust 2018-A","0001736305","https://www.sec.gov/cgi-bin/browse-edgar?CIK=0001736305&action=getcompany"
"Ford Credit Auto Lease Trust 2018-B","0001751960","https://www.sec.gov/cgi-bin/browse-edgar?CIK=0001751960&action=getcompany"
"Ford Credit Auto Lease Two LLC","0001519881","https://www.sec.gov/cgi-bin/browse-edgar?CIK=0001519881&action=getcompany"
"Ford Credit Auto Owner Trust 2017-A","0001692310","https://www.sec.gov/cgi-bin/browse-edgar?CIK=0001692310&action=getcompany"
"Ford Credit Auto Owner Trust 2017-B","0001708287","https://www.sec.gov/cgi-bin/browse-edgar?CIK=0001708287&action=getcompany"
"Ford Credit Auto Owner Trust 2017-C","0001721372","https://www.sec.gov/cgi-bin/browse-edgar?CIK=0001721372&action=getcompany"
"Ford Credit Auto Owner Trust 2018-A","0001739276","https://www.sec.gov/cgi-bin/browse-edgar?CIK=0001739276&action=getcompany"
"Ford Credit Auto Owner Trust 2018-B","0001754784","https://www.sec.gov/cgi-bin/browse-edgar?CIK=0001754784&action=getcompany"
"FORD CREDIT AUTO RECEIVABLES TWO LLC","0001129987","https://www.sec.gov/cgi-bin/browse-edgar?CIK=0001129987&action=getcompany"
"GM Financial Automobile Leasing Trust 2017-1","0001696969","https://www.sec.gov/cgi-bin/browse-edgar?CIK=0001696969&action=getcompany"
"GM Financial Automobile Leasing Trust 2017-3","0001712799","https://www.sec.gov/cgi-bin/browse-edgar?CIK=0001712799&action=getcompany"
"GM Financial Automobile Leasing Trust 2018-1","0001726162","https://www.sec.gov/cgi-bin/browse-edgar?CIK=0001726162&action=getcompany"
"GM Financial Automobile Leasing Trust 2018-2","0001738178","https://www.sec.gov/cgi-bin/browse-edgar?CIK=0001738178&action=getcompany"
"GM Financial Automobile Leasing Trust 2018-3","0001747909","https://www.sec.gov/cgi-bin/browse-edgar?CIK=0001747909&action=getcompany"
"GM Financial Consumer Automobile Receivables Trust 2018-1","0001724128","https://www.sec.gov/cgi-bin/browse-edgar?CIK=0001724128&action=getcompany"
"GM Financial Consumer Automobile Receivables Trust 2018-2","0001733310","https://www.sec.gov/cgi-bin/browse-edgar?CIK=0001733310&action=getcompany"
"GM Financial Consumer Automobile Receivables Trust 2018-3","0001741908","https://www.sec.gov/cgi-bin/browse-edgar?CIK=0001741908&action=getcompany"
"GM Financial Consumer Automobile Receivables Trust 2018-4","0001751012","https://www.sec.gov/cgi-bin/browse-edgar?CIK=0001751012&action=getcompany"
"GMF Leasing LLC","0001631055","https://www.sec.gov/cgi-bin/browse-edgar?CIK=0001631055&action=getcompany"
"GS MORTGAGE SECURITIES CORP II","0001004158","https://www.sec.gov/cgi-bin/browse-edgar?CIK=0001004158&action=getcompany"
"GS Mortgage Securities Trust 2017-GS5","0001693737","https://www.sec.gov/cgi-bin/browse-edgar?CIK=0001693737&action=getcompany"
"GS Mortgage Securities Trust 2017-GS6","0001704459","https://www.sec.gov/cgi-bin/browse-edgar?CIK=0001704459&action=getcompany"
"GS Mortgage Securities Trust 2017-GS7","0001710765","https://www.sec.gov/cgi-bin/browse-edgar?CIK=0001710765&action=getcompany"
"GS Mortgage Securities Trust 2017-GS8","0001718483","https://www.sec.gov/cgi-bin/browse-edgar?CIK=0001718483&action=getcompany"
"GS Mortgage Securities Trust 2018-GS10","0001742373","https://www.sec.gov/cgi-bin/browse-edgar?CIK=0001742373&action=getcompany"
"GS Mortgage Securities Trust 2018-GS9","0001731056","https://www.sec.gov/cgi-bin/browse-edgar?CIK=0001731056&action=getcompany"
"Honda Auto Receivables 2017-1 Owner Trust","0001697574","https://www.sec.gov/cgi-bin/browse-edgar?CIK=0001697574&action=getcompany"
"Honda Auto Receivables 2017-2 Owner Trust","0001706612","https://www.sec.gov/cgi-bin/browse-edgar?CIK=0001706612&action=getcompany"
"Honda Auto Receivables 2017-3 Owner Trust","0001715362","https://www.sec.gov/cgi-bin/browse-edgar?CIK=0001715362&action=getcompany"
"Honda Auto Receivables 2018-2 Owner Trust","0001736790","https://www.sec.gov/cgi-bin/browse-edgar?CIK=0001736790&action=getcompany"
"Honda Auto Receivables 2018-3 Owner Trust","0001745376","https://www.sec.gov/cgi-bin/browse-edgar?CIK=0001745376&action=getcompany"
"Honda Auto Receivables 2018-4 Owner Trust","0001755047","https://www.sec.gov/cgi-bin/browse-edgar?CIK=0001755047&action=getcompany"
"HYUNDAI ABS FUNDING LLC","0001260125","https://www.sec.gov/cgi-bin/browse-edgar?CIK=0001260125&action=getcompany"
"Hyundai Auto Receivables Trust 2017-A","0001699234","https://www.sec.gov/cgi-bin/browse-edgar?CIK=0001699234&action=getcompany"
"Hyundai Auto Receivables Trust 2017-B","0001712182","https://www.sec.gov/cgi-bin/browse-edgar?CIK=0001712182&action=getcompany"
"Hyundai Auto Receivables Trust 2018-A","0001735464","https://www.sec.gov/cgi-bin/browse-edgar?CIK=0001735464&action=getcompany"
"Hyundai Auto Receivables Trust 2018-B","0001756671","https://www.sec.gov/cgi-bin/browse-edgar?CIK=0001756671&action=getcompany"
"JP MORGAN CHASE COMMERCIAL MORTGAGE SECURITIES CORP","0001013611","https://www.sec.gov/cgi-bin/browse-edgar?CIK=0001013611&action=getcompany"
"JPMCC Commercial Mortgage Securities Trust 2016-JP4","0001689111","https://www.sec.gov/cgi-bin/browse-edgar?CIK=0001689111&action=getcompany"
"JPMCC Commercial Mortgage Securities Trust 2017-JP5","0001695154","https://www.sec.gov/cgi-bin/browse-edgar?CIK=0001695154&action=getcompany"
"JPMCC Commercial Mortgage Securities Trust 2017-JP6","0001701638","https://www.sec.gov/cgi-bin/browse-edgar?CIK=0001701638&action=getcompany"
"JPMCC Commercial Mortgage Securities Trust 2017-JP7","0001709967","https://www.sec.gov/cgi-bin/browse-edgar?CIK=0001709967&action=getcompany"
"JPMDB Commercial Mortgage Securities Trust 2017-C5","0001699099","https://www.sec.gov/cgi-bin/browse-edgar?CIK=0001699099&action=getcompany"
"Mercedes-Benz Auto Lease Trust 2017-A","0001700323","https://www.sec.gov/cgi-bin/browse-edgar?CIK=0001700323&action=getcompany"
"Mercedes-Benz Auto Lease Trust 2018-A","0001723535","https://www.sec.gov/cgi-bin/browse-edgar?CIK=0001723535&action=getcompany"
"Mercedes-Benz Auto Lease Trust 2018-B","0001757056","https://www.sec.gov/cgi-bin/browse-edgar?CIK=0001757056&action=getcompany"
"Mercedes-Benz Auto Receivables Trust 2018-1","0001733358","https://www.sec.gov/cgi-bin/browse-edgar?CIK=0001733358&action=getcompany"
"Morgan Stanley Bank of America Merrill Lynch Trust 2016-C32","0001690577","https://www.sec.gov/cgi-bin/browse-edgar?CIK=0001690577&action=getcompany"
"Morgan Stanley Bank of America Merrill Lynch Trust 2017-C33","0001702746","https://www.sec.gov/cgi-bin/browse-edgar?CIK=0001702746&action=getcompany"
"Morgan Stanley Bank of America Merrill Lynch Trust 2017-C34","0001715846","https://www.sec.gov/cgi-bin/browse-edgar?CIK=0001715846&action=getcompany"
"Morgan Stanley Capital I Inc.","0001547361","https://www.sec.gov/cgi-bin/browse-edgar?CIK=0001547361&action=getcompany"
"Morgan Stanley Capital I Trust 2017-H1","0001705163","https://www.sec.gov/cgi-bin/browse-edgar?CIK=0001705163&action=getcompany"
"Morgan Stanley Capital I Trust 2017-HR2","0001723306","https://www.sec.gov/cgi-bin/browse-edgar?CIK=0001723306&action=getcompany"
"Morgan Stanley Capital I Trust 2018-H3","0001742383","https://www.sec.gov/cgi-bin/browse-edgar?CIK=0001742383&action=getcompany"
"Morgan Stanley Capital I Trust 2018-L1","0001751743","https://www.sec.gov/cgi-bin/browse-edgar?CIK=0001751743&action=getcompany"
"Nissan Auto Lease Trust 2017-A","0001707593","https://www.sec.gov/cgi-bin/browse-edgar?CIK=0001707593&action=getcompany"
"Nissan Auto Lease Trust 2017-B","0001717778","https://www.sec.gov/cgi-bin/browse-edgar?CIK=0001717778&action=getcompany"
"Nissan Auto Lease Trust 2018-A","0001755318","https://www.sec.gov/cgi-bin/browse-edgar?CIK=0001755318&action=getcompany"
"NISSAN AUTO LEASING LLC II","0001244832","https://www.sec.gov/cgi-bin/browse-edgar?CIK=0001244832&action=getcompany"
"Nissan Auto Receivables 2017-A Owner Trust","0001694423","https://www.sec.gov/cgi-bin/browse-edgar?CIK=0001694423&action=getcompany"
"Nissan Auto Receivables 2017-B Owner Trust","0001712665","https://www.sec.gov/cgi-bin/browse-edgar?CIK=0001712665&action=getcompany"
"Nissan Auto Receivables 2017-C Owner Trust","0001723370","https://www.sec.gov/cgi-bin/browse-edgar?CIK=0001723370&action=getcompany"
"Nissan Auto Receivables 2018-A Owner Trust","0001730276","https://www.sec.gov/cgi-bin/browse-edgar?CIK=0001730276&action=getcompany"
"Nissan Auto Receivables 2018-B Owner Trust","0001743852","https://www.sec.gov/cgi-bin/browse-edgar?CIK=0001743852&action=getcompany"
"Nissan Auto Receivables 2018-C Owner Trust","0001759384","https://www.sec.gov/cgi-bin/browse-edgar?CIK=0001759384&action=getcompany"
"NISSAN AUTO RECEIVABLES CORP II","0001129068","https://www.sec.gov/cgi-bin/browse-edgar?CIK=0001129068&action=getcompany"
"SANTANDER DRIVE AUTO RECEIVABLES LLC","0001383094","https://www.sec.gov/cgi-bin/browse-edgar?CIK=0001383094&action=getcompany"
"Santander Drive Auto Receivables Trust 2017-1","0001696935","https://www.sec.gov/cgi-bin/browse-edgar?CIK=0001696935&action=getcompany"
"Santander Drive Auto Receivables Trust 2018-1","0001726794","https://www.sec.gov/cgi-bin/browse-edgar?CIK=0001726794&action=getcompany"
"Santander Drive Auto Receivables Trust 2018-2","0001735033","https://www.sec.gov/cgi-bin/browse-edgar?CIK=0001735033&action=getcompany"
"Santander Drive Auto Receivables Trust 2018-3","0001742444","https://www.sec.gov/cgi-bin/browse-edgar?CIK=0001742444&action=getcompany"
"Santander Drive Auto Receivables Trust 2018-4","0001748011","https://www.sec.gov/cgi-bin/browse-edgar?CIK=0001748011&action=getcompany"
"Santander Drive Auto Receivables Trust 2018-5","0001753581","https://www.sec.gov/cgi-bin/browse-edgar?CIK=0001753581&action=getcompany"
"TOYOTA AUTO FINANCE RECEIVABLES LLC","0001131131","https://www.sec.gov/cgi-bin/browse-edgar?CIK=0001131131&action=getcompany"
"Toyota Auto Receivables 2017-A Owner Trust","0001694919","https://www.sec.gov/cgi-bin/browse-edgar?CIK=0001694919&action=getcompany"
"Toyota Auto Receivables 2017-B Owner Trust","0001704304","https://www.sec.gov/cgi-bin/browse-edgar?CIK=0001704304&action=getcompany"
"Toyota Auto Receivables 2017-C Owner Trust","0001709987","https://www.sec.gov/cgi-bin/browse-edgar?CIK=0001709987&action=getcompany"
"Toyota Auto Receivables 2017-D Owner Trust","0001718100","https://www.sec.gov/cgi-bin/browse-edgar?CIK=0001718100&action=getcompany"
"Toyota Auto Receivables 2018-A Owner Trust","0001725585","https://www.sec.gov/cgi-bin/browse-edgar?CIK=0001725585&action=getcompany"
"Toyota Auto Receivables 2018-B Owner Trust","0001736712","https://www.sec.gov/cgi-bin/browse-edgar?CIK=0001736712&action=getcompany"
"Toyota Auto Receivables 2018-C Owner Trust","0001745763","https://www.sec.gov/cgi-bin/browse-edgar?CIK=0001745763&action=getcompany"
"Toyota Auto Receivables 2018-D Owner Trust","0001754189","https://www.sec.gov/cgi-bin/browse-edgar?CIK=0001754189&action=getcompany"
"UBS Commercial Mortgage Securitization Corp.","0001532799","https://www.sec.gov/cgi-bin/browse-edgar?CIK=0001532799&action=getcompany"
"UBS Commercial Mortgage Trust 2017-C1","0001706060","https://www.sec.gov/cgi-bin/browse-edgar?CIK=0001706060&action=getcompany"
"UBS Commercial Mortgage Trust 2017-C2","0001711142","https://www.sec.gov/cgi-bin/browse-edgar?CIK=0001711142&action=getcompany"
"UBS Commercial Mortgage Trust 2017-C3","0001713226","https://www.sec.gov/cgi-bin/browse-edgar?CIK=0001713226&action=getcompany"
"UBS Commercial Mortgage Trust 2017-C7","0001724177","https://www.sec.gov/cgi-bin/browse-edgar?CIK=0001724177&action=getcompany"
"UBS Commercial Mortgage Trust 2018-C10","0001736862","https://www.sec.gov/cgi-bin/browse-edgar?CIK=0001736862&action=getcompany"
"UBS Commercial Mortgage Trust 2018-C11","0001740040","https://www.sec.gov/cgi-bin/browse-edgar?CIK=0001740040&action=getcompany"
"UBS Commercial Mortgage Trust 2018-C12","0001744982","https://www.sec.gov/cgi-bin/browse-edgar?CIK=0001744982&action=getcompany"
"UBS Commercial Mortgage Trust 2018-C13","0001749360","https://www.sec.gov/cgi-bin/browse-edgar?CIK=0001749360&action=getcompany"
"UBS Commercial Mortgage Trust 2018-C14","0001758292","https://www.sec.gov/cgi-bin/browse-edgar?CIK=0001758292&action=getcompany"
"UBS Commercial Mortgage Trust 2018-C8","0001727836","https://www.sec.gov/cgi-bin/browse-edgar?CIK=0001727836&action=getcompany"
"UBS Commercial Mortgage Trust 2018-C9","0001731058","https://www.sec.gov/cgi-bin/browse-edgar?CIK=0001731058&action=getcompany"
"USAA ACCEPTANCE LLC","0001178049","https://www.sec.gov/cgi-bin/browse-edgar?CIK=0001178049&action=getcompany"
"USAA Auto Owner Trust 2017-1","0001713660","https://www.sec.gov/cgi-bin/browse-edgar?CIK=0001713660&action=getcompany"
"VOLKSWAGEN AUTO LEASE/LOAN UNDERWRITTEN FUNDING, LLC","0001182534","https://www.sec.gov/cgi-bin/browse-edgar?CIK=0001182534&action=getcompany"
"Volkswagen Auto Loan Enhanced Trust 2018-1","0001720749","https://www.sec.gov/cgi-bin/browse-edgar?CIK=0001720749&action=getcompany"
"Volkswagen Auto Loan Enhanced Trust 2018-2","0001756401","https://www.sec.gov/cgi-bin/browse-edgar?CIK=0001756401&action=getcompany"
"WELLS FARGO COMMERCIAL MORTGAGE SECURITIES INC","000850779","https://www.sec.gov/cgi-bin/browse-edgar?CIK=000850779&action=getcompany"
"Wells Fargo Commercial Mortgage Trust 2016-C37","0001688957","https://www.sec.gov/cgi-bin/browse-edgar?CIK=0001688957&action=getcompany"
"Wells Fargo Commercial Mortgage Trust 2017-C38","0001707817","https://www.sec.gov/cgi-bin/browse-edgar?CIK=0001707817&action=getcompany"
"Wells Fargo Commercial Mortgage Trust 2017-C39","0001710798","https://www.sec.gov/cgi-bin/browse-edgar?CIK=0001710798&action=getcompany"
"Wells Fargo Commercial Mortgage Trust 2017-C40","0001716187","https://www.sec.gov/cgi-bin/browse-edgar?CIK=0001716187&action=getcompany"
"Wells Fargo Commercial Mortgage Trust 2017-C41","0001719199","https://www.sec.gov/cgi-bin/browse-edgar?CIK=0001719199&action=getcompany"
"Wells Fargo Commercial Mortgage Trust 2017-C42","0001723291","https://www.sec.gov/cgi-bin/browse-edgar?CIK=0001723291&action=getcompany"
"Wells Fargo Commercial Mortgage Trust 2017-RB1","0001699462","https://www.sec.gov/cgi-bin/browse-edgar?CIK=0001699462&action=getcompany"
"Wells Fargo Commercial Mortgage Trust 2017-RC1","0001695924","https://www.sec.gov/cgi-bin/browse-edgar?CIK=0001695924&action=getcompany"
"Wells Fargo Commercial Mortgage Trust 2018-C43","0001729832","https://www.sec.gov/cgi-bin/browse-edgar?CIK=0001729832&action=getcompany"
"Wells Fargo Commercial Mortgage Trust 2018-C44","0001736659","https://www.sec.gov/cgi-bin/browse-edgar?CIK=0001736659&action=getcompany"
"Wells Fargo Commercial Mortgage Trust 2018-C45","0001741690","https://www.sec.gov/cgi-bin/browse-edgar?CIK=0001741690&action=getcompany"
"Wells Fargo Commercial Mortgage Trust 2018-C46","0001748940","https://www.sec.gov/cgi-bin/browse-edgar?CIK=0001748940&action=getcompany"
"Wells Fargo Commercial Mortgage Trust 2018-C47","0001753233","https://www.sec.gov/cgi-bin/browse-edgar?CIK=0001753233&action=getcompany"
"Wells Fargo Commercial Mortgage Trust 2018-C48","0001757928","https://www.sec.gov/cgi-bin/browse-edgar?CIK=0001757928&action=getcompany"
"World Omni Auto Leasing LLC","0001439697","https://www.sec.gov/cgi-bin/browse-edgar?CIK=0001439697&action=getcompany"
"WORLD OMNI AUTO RECEIVABLES LLC","0001083199","https://www.sec.gov/cgi-bin/browse-edgar?CIK=0001083199&action=getcompany"
"World Omni Auto Receivables Trust 2017-A","0001702011","https://www.sec.gov/cgi-bin/browse-edgar?CIK=0001702011&action=getcompany"
"World Omni Auto Receivables Trust 2017-B","0001710330","https://www.sec.gov/cgi-bin/browse-edgar?CIK=0001710330&action=getcompany"
"World Omni Auto Receivables Trust 2018-A","0001724588","https://www.sec.gov/cgi-bin/browse-edgar?CIK=0001724588&action=getcompany"
"World Omni Auto Receivables Trust 2018-B","0001734889","https://www.sec.gov/cgi-bin/browse-edgar?CIK=0001734889&action=getcompany"
"WORLD OMNI AUTO RECEIVABLES TRUST 2018-C","0001744034","https://www.sec.gov/cgi-bin/browse-edgar?CIK=0001744034&action=getcompany"
"World Omni Auto Receivables Trust 2018-D","0001752578","https://www.sec.gov/cgi-bin/browse-edgar?CIK=0001752578&action=getcompany"
"World Omni Automobile Lease Securitization Trust 2017-A","0001698529","https://www.sec.gov/cgi-bin/browse-edgar?CIK=0001698529&action=getcompany"
"World Omni Automobile Lease Securitization Trust 2018-A","0001730127","https://www.sec.gov/cgi-bin/browse-edgar?CIK=0001730127&action=getcompany"
"World Omni Automobile Lease Securitization Trust 2018-B","0001749273","https://www.sec.gov/cgi-bin/browse-edgar?CIK=0001749273&action=getcompany"
"California Republic Funding LLC","0001561326","https://www.sec.gov/cgi-bin/browse-edgar?CIK=0001561326&action=getcompany"
"GM Financial Automobile Leasing Trust 2017-2","0001704323","https://www.sec.gov/cgi-bin/browse-edgar?CIK=0001704323&action=getcompany"
"JPMDB Commercial Mortgage Securities Trust 2017-C7","0001716186","https://www.sec.gov/cgi-bin/browse-edgar?CIK=0001716186&action=getcompany"
"JPMDB Commercial Mortgage Securities Trust 2018-C8","0001735646","https://www.sec.gov/cgi-bin/browse-edgar?CIK=0001735646&action=getcompany"
"Santander Drive Auto Receivables Trust 2017-2","0001705710","https://www.sec.gov/cgi-bin/browse-edgar?CIK=0001705710&action=getcompany"
"Santander Drive Auto Receivables Trust 2017-3","0001710916","https://www.sec.gov/cgi-bin/browse-edgar?CIK=0001710916&action=getcompany"
"UBS Commercial Mortgage Trust 2017-C4","0001716263","https://www.sec.gov/cgi-bin/browse-edgar?CIK=0001716263&action=getcompany"
"UBS Commercial Mortgage Trust 2017-C5","0001719195","https://www.sec.gov/cgi-bin/browse-edgar?CIK=0001719195&action=getcompany"
"UBS Commercial Mortgage Trust 2017-C6","0001721905","https://www.sec.gov/cgi-bin/browse-edgar?CIK=0001721905&action=getcompany"
"Honda Auto Receivables 2017-4 Owner Trust","0001721745","https://www.sec.gov/cgi-bin/browse-edgar?CIK=0001721745&action=getcompany"
"Honda Auto Receivables 2018-1 Owner Trust","0001728028","https://www.sec.gov/cgi-bin/browse-edgar?CIK=0001728028&action=getcompany"
"Mercedes-Benz Auto Lease Trust 2019-A","0001763960","https://www.sec.gov/cgi-bin/browse-edgar?CIK=0001763960&action=getcompany"
"World Omni Auto Receivables Trust 2019-A","0001762287","https://www.sec.gov/cgi-bin/browse-edgar?CIK=0001762287&action=getcompany"
"Toyota Auto Receivables 2019-A Owner Trust","0001762228","https://www.sec.gov/cgi-bin/browse-edgar?CIK=0001762228&action=getcompany"
"Nissan Auto Receivables 2019-A Owner Trust","0001764987","https://www.sec.gov/cgi-bin/browse-edgar?CIK=0001764987&action=getcompany"
"Ally Auto Receivables Trust 2019-1","0001763799","https://www.sec.gov/cgi-bin/browse-edgar?CIK=0001763799&action=getcompany"
"BANK 2019-BNK16","0001763333","https://www.sec.gov/cgi-bin/browse-edgar?CIK=0001763333&action=getcompany"
"BENCHMARK 2019-B9 MORTGAGE TRUST","0001764759","https://www.sec.gov/cgi-bin/browse-edgar?CIK=0001764759&action=getcompany"
"UBS Commercial Mortgage Trust 2018-C15","0001760337","https://www.sec.gov/cgi-bin/browse-edgar?CIK=0001760337&action=getcompany"
"Morgan Stanley Capital I Trust 2018-H4","0001758882","https://www.sec.gov/cgi-bin/browse-edgar?CIK=0001758882&action=getcompany"
"GM Financial Automobile Leasing Trust 2019-1","0001763499","https://www.sec.gov/cgi-bin/browse-edgar?CIK=0001763499&action=getcompany"
"GS Mortgage Securities Trust 2019-GC38","0001763207","https://www.sec.gov/cgi-bin/browse-edgar?CIK=0001763207&action=getcompany"
"Santander Drive Auto Receivables Trust 2019-1","0001765910","https://www.sec.gov/cgi-bin/browse-edgar?CIK=0001765910&action=getcompany"
"JPMCC Commercial Mortgage Securities Trust 2019-COR4","0001763501","https://www.sec.gov/cgi-bin/browse-edgar?CIK=0001763501&action=getcompany"
"CSAIL 2019-C15 Commercial Mortgage Trust","0001763502","https://www.sec.gov/cgi-bin/browse-edgar?CIK=0001763502&action=getcompany"
"CarMax Auto Owner Trust 2019-1","0001762278","https://www.sec.gov/cgi-bin/browse-edgar?CIK=0001762278&action=getcompany"
"Drive Auto Receivables Trust 2019-1","0001763174","https://www.sec.gov/cgi-bin/browse-edgar?CIK=0001763174&action=getcompany"
"World Omni Automobile Lease Securitization Trust 2019-A","0001766101","https://www.sec.gov/cgi-bin/browse-edgar?CIK=0001766101&action=getcompany"
"GM Financial Consumer Automobile Receivables Trust 2019-1","0001760283","https://www.sec.gov/cgi-bin/browse-edgar?CIK=0001760283&action=getcompany"
"Morgan Stanley Capital I Trust 2019-L2","0001766660","https://www.sec.gov/cgi-bin/browse-edgar?CIK=0001766660&action=getcompany"
"AmeriCredit Automobile Receivables Trust 2019-1","0001765880","https://www.sec.gov/cgi-bin/browse-edgar?CIK=0001765880&action=getcompany"
"BMW Vehicle Lease Trust 2019-1","0001769328","https://www.sec.gov/cgi-bin/browse-edgar?CIK=0001769328&action=getcompany"
"Drive Auto Receivables Trust 2019-2","0001769324","https://www.sec.gov/cgi-bin/browse-edgar?CIK=0001769324&action=getcompany"
"Ford Credit Auto Owner Trust 2019-A","0001770147","https://www.sec.gov/cgi-bin/browse-edgar?CIK=0001770147&action=getcompany"
"BANK 2019-BNK17","0001769961","https://www.sec.gov/cgi-bin/browse-edgar?CIK=0001769961&action=getcompany"
"Benchmark 2019-B10 Mortgage Trust","0001766367","https://www.sec.gov/cgi-bin/browse-edgar?CIK=0001766367&action=getcompany"
"UBS Commercial Mortgage Trust 2019-C16","0001769322","https://www.sec.gov/cgi-bin/browse-edgar?CIK=0001769322&action=getcompany"
"Ford Credit Auto Lease Trust 2019-A","0001766981","https://www.sec.gov/cgi-bin/browse-edgar?CIK=0001766981&action=getcompany"
"Hyundai Auto Receivables Trust 2019-A","0001771225","https://www.sec.gov/cgi-bin/browse-edgar?CIK=0001771225&action=getcompany"
"GM Financial Consumer Automobile Receivables Trust 2019-2","0001769174","https://www.sec.gov/cgi-bin/browse-edgar?CIK=0001769174&action=getcompany"
"CarMax Auto Owner Trust 2019-2","0001770345","https://www.sec.gov/cgi-bin/browse-edgar?CIK=0001770345&action=getcompany"
"Nissan Auto Lease Trust 2019-A","0001771458","https://www.sec.gov/cgi-bin/browse-edgar?CIK=0001771458&action=getcompany"
"CF 2019-CF1 Mortgage Trust","0001771200","https://www.sec.gov/cgi-bin/browse-edgar?CIK=0001771200&action=getcompany"
"Fifth Third Auto Trust 2019-1","0001772608","https://www.sec.gov/cgi-bin/browse-edgar?CIK=0001772608&action=getcompany"
"Wells Fargo Commercial Mortgage Trust 2019-C50","0001770572","https://www.sec.gov/cgi-bin/browse-edgar?CIK=0001770572&action=getcompany"
"GM Financial Automobile Leasing Trust 2019-2","0001771786","https://www.sec.gov/cgi-bin/browse-edgar?CIK=0001771786&action=getcompany"
"Toyota Auto Receivables 2019-B Owner Trust","0001773407","https://www.sec.gov/cgi-bin/browse-edgar?CIK=0001773407&action=getcompany"
"WELLS FARGO COMMERCIAL MORTGAGE SECURITIES INC","000850779/","https://www.sec.gov/cgi-bin/browse-edgar?CIK=000850779&action=getcompany"
"Wells Fargo Commercial Mortgage Trust 2019-C49","0001763001","https://www.sec.gov/cgi-bin/browse-edgar?CIK=0001763001&action=getcompany"
"World Omni Auto Receivables Trust 2019-B","0001772793","https://www.sec.gov/cgi-bin/browse-edgar?CIK=0001772793&action=getcompany"
"GS Mortgage Securities Trust 2019-GC39","0001771501","https://www.sec.gov/cgi-bin/browse-edgar?CIK=0001771501&action=getcompany"
"Santander Drive Auto Receivables Trust 2019-2","0001774409","https://www.sec.gov/cgi-bin/browse-edgar?CIK=0001774409&action=getcompany"
"BANK 2019-BNK18","0001774962","https://www.sec.gov/cgi-bin/browse-edgar?CIK=0001774962&action=getcompany"
"BBCMS Mortgage Trust 2019-C3","0001772527","https://www.sec.gov/cgi-bin/browse-edgar?CIK=0001772527&action=getcompany"
"Capital One Prime Auto Receivables Trust 2019-1","0001766004","https://www.sec.gov/cgi-bin/browse-edgar?CIK=0001766004&action=getcompany"
"Capital One Auto Receivables LLC","0001133438","https://www.sec.gov/cgi-bin/browse-edgar?CIK=0001133438&action=getcompany"
"Nissan Auto Receivables 2019-B Owner Trust","0001775870","https://www.sec.gov/cgi-bin/browse-edgar?CIK=0001775870&action=getcompany"
"Honda Auto Receivables 2019-2 Owner Trust","0001773055","https://www.sec.gov/cgi-bin/browse-edgar?CIK=0001773055&action=getcompany"
"AMERICAN HONDA RECEIVABLES LLC","000890975/","https://www.sec.gov/cgi-bin/browse-edgar?CIK=000890975&action=getcompany"
"Benchmark 2019-B11 Mortgage Trust","0001775756","https://www.sec.gov/cgi-bin/browse-edgar?CIK=0001775756&action=getcompany"
"Honda Auto Receivables 2019-1 Owner Trust","0001765556","https://www.sec.gov/cgi-bin/browse-edgar?CIK=0001765556&action=getcompany"
"AmeriCredit Automobile Receivables Trust 2019-2","0001774379","https://www.sec.gov/cgi-bin/browse-edgar?CIK=0001774379&action=getcompany"
"Ally Auto Receivables Trust 2019-2","0001776294","https://www.sec.gov/cgi-bin/browse-edgar?CIK=0001776294&action=getcompany"
"Morgan Stanley Capital I Trust 2019-H6","0001773339","https://www.sec.gov/cgi-bin/browse-edgar?CIK=0001773339&action=getcompany"
"JPMCC Commercial Mortgage Securities Trust 2019-COR5","0001774801","https://www.sec.gov/cgi-bin/browse-edgar?CIK=0001774801&action=getcompany"
"Drive Auto Receivables Trust 2019-3","0001777665","https://www.sec.gov/cgi-bin/browse-edgar?CIK=0001777665&action=getcompany"
"Harley-Davidson Motorcycle Trust 2019-A","0001778781","https://www.sec.gov/cgi-bin/browse-edgar?CIK=0001778781&action=getcompany"
"HARLEY-DAVIDSON CUSTOMER FUNDING CORP.","0001114926","https://www.sec.gov/cgi-bin/browse-edgar?CIK=0001114926&action=getcompany"
"CSAIL 2019-C16 Commercial Mortgage Trust","0001776086","https://www.sec.gov/cgi-bin/browse-edgar?CIK=0001776086&action=getcompany"
"Ford Credit Auto Owner Trust 2019-B","0001779201","https://www.sec.gov/cgi-bin/browse-edgar?CIK=0001779201&action=getcompany"
"Wells Fargo Commercial Mortgage Trust 2019-C51","0001776721","https://www.sec.gov/cgi-bin/browse-edgar?CIK=0001776721&action=getcompany"
"GS Mortgage Securities Trust 2019-GC40","0001778232","https://www.sec.gov/cgi-bin/browse-edgar?CIK=0001778232&action=getcompany"
"GM Financial Consumer Automobile Receivables Trust 2019-3","0001779033","https://www.sec.gov/cgi-bin/browse-edgar?CIK=0001779033&action=getcompany"
"Morgan Stanley Capital I Trust 2019-H7","0001778749","https://www.sec.gov/cgi-bin/browse-edgar?CIK=0001778749&action=getcompany"
"Nissan Auto Lease Trust 2019-B","0001781522","https://www.sec.gov/cgi-bin/browse-edgar?CIK=0001781522&action=getcompany"
"BENCHMARK 2019-B12 MORTGAGE TRUST","0001781089","https://www.sec.gov/cgi-bin/browse-edgar?CIK=0001781089&action=getcompany"
"Ford Credit Auto Lease Trust 2019-B","0001781819","https://www.sec.gov/cgi-bin/browse-edgar?CIK=0001781819&action=getcompany"
"BANK 2019-BNK19","0001780859","https://www.sec.gov/cgi-bin/browse-edgar?CIK=0001780859&action=getcompany"
"CarMax Auto Owner Trust 2019-3","0001779026","https://www.sec.gov/cgi-bin/browse-edgar?CIK=0001779026&action=getcompany"
"USAA Auto Owner Trust 2019-1","0001780984","https://www.sec.gov/cgi-bin/browse-edgar?CIK=0001780984&action=getcompany"
"GM Financial Automobile Leasing Trust 2019-3","0001781258","https://www.sec.gov/cgi-bin/browse-edgar?CIK=0001781258&action=getcompany"
"CITIGROUP COMMERCIAL MORTGAGE TRUST 2019-GC41","0001783287","https://www.sec.gov/cgi-bin/browse-edgar?CIK=0001783287&action=getcompany"
"Toyota Auto Receivables 2019-C Owner Trust","0001782479","https://www.sec.gov/cgi-bin/browse-edgar?CIK=0001782479&action=getcompany"
"Wells Fargo Commercial Mortgage Trust 2019-C52","0001780678","https://www.sec.gov/cgi-bin/browse-edgar?CIK=0001780678&action=getcompany"
"CD 2019-CD8 Mortgage Trust","0001782003","https://www.sec.gov/cgi-bin/browse-edgar?CIK=0001782003&action=getcompany"
"BBCMS Mortgage Trust 2019-C4","0001780131","https://www.sec.gov/cgi-bin/browse-edgar?CIK=0001780131&action=getcompany"
"World Omni Automobile Lease Securitization Trust 2019-B","0001781624","https://www.sec.gov/cgi-bin/browse-edgar?CIK=0001781624&action=getcompany"
"Santander Drive Auto Receivables Trust 2019-3","0001783326","https://www.sec.gov/cgi-bin/browse-edgar?CIK=0001783326&action=getcompany"
"Honda Auto Receivables 2019-3 Owner Trust","0001784183","https://www.sec.gov/cgi-bin/browse-edgar?CIK=0001784183&action=getcompany"
"Capital One Prime Auto Receivables Trust 2019-2","0001786041","https://www.sec.gov/cgi-bin/browse-edgar?CIK=0001786041&action=getcompany"
"AmeriCredit Automobile Receivables Trust 2019-3","0001784564","https://www.sec.gov/cgi-bin/browse-edgar?CIK=0001784564&action=getcompany"
"BMW Vehicle Owner Trust 2019-A","0001784326","https://www.sec.gov/cgi-bin/browse-edgar?CIK=0001784326&action=getcompany"
"Ally Auto Receivables Trust 2019-3","0001785489","https://www.sec.gov/cgi-bin/browse-edgar?CIK=0001785489&action=getcompany"
"Drive Auto Receivables Trust 2019-4","0001785510","https://www.sec.gov/cgi-bin/browse-edgar?CIK=0001785510&action=getcompany"
